Subject ID,Phase,Age,VISCODE,VISCODE2,DIAGNOSIS,imageId,Gender,education,APOE4,Net1_Corrected_BA,Net1_Corrected_PAD,Net2_Corrected_BA,Net2_Corrected_PAD,Net3_Corrected_BA,Net3_Corrected_PAD,Net4_Corrected_BA,Net4_Corrected_PAD,Net5_Corrected_BA,Net5_Corrected_PAD,Net6_Corrected_BA,Net6_Corrected_PAD,Net7_Corrected_BA,Net7_Corrected_PAD,Status,VISCODE_NUM
002_S_0413,ADNI 1,76.4,bl,bl,CN,14437,0,16,0,74.68030072,-1.719699281,73.13771852,-3.26228148,71.45154029,-4.948459709,73.4402856,-2.959714404,74.93110339,-1.468896607,73.00681253,-3.393187467,77.53176337,1.131763367,baseline,0
002_S_0413,ADNI 1,77.5,m12,m12,CN,55771,0,16,0,76.88579348,-0.61420652,74.86695026,-2.63304974,72.16137878,-5.338621215,70.51707215,-6.982927854,77.30395982,-0.196040182,76.84130724,-0.658692762,78.14482059,0.644820593,follow-up,12
002_S_0413,ADNI 1,78.6,m24,m24,CN,114996,0,16,0,78.19932624,-0.400673759,74.40567,-4.19433,72.32815328,-6.271846721,73.8262087,-4.773791304,78.25432624,-0.345673757,74.40803694,-4.191963058,80.61817782,2.018177819,follow-up,24
002_S_0413,ADNI 1,79.4,m36,m36,CN,142971,0,16,0,79.97478916,0.574789157,77.09747554,-2.302524461,77.54775946,-1.852240544,77.35289928,-2.047100722,78.70788583,-0.692114175,80.58499036,1.184990364,76.67629307,-2.723706926,follow-up,36
002_S_0413,ADNI 2,81.5,v06,m60,CN,240808,0,16,0,75.95365806,-5.546341936,75.39009995,-6.109900048,71.25263967,-10.24736033,78.91690506,-2.583094945,80.63095773,-0.869042272,75.33582435,-6.164175655,79.02840687,-2.471593131,follow-up,60
002_S_0559,ADNI 1,79.5,bl,bl,CN,17608,1,16,1,80.51966577,1.019665772,82.00096161,2.500961606,81.31830423,1.818304228,80.3805726,0.880572601,79.52496877,0.024968773,81.74627579,2.246275792,79.48576373,-0.014236269,baseline,0